repo_name,stars,forks,age_years,releases,loc,cbo_sum,dit_sum,lcom_sum
JavaGuide,146018,45527,6.380821917808219,0,0,0,0,0
GitHub-Chinese-Top-Charts,98970,13076,5.052054794520548,0,5,0,1,0
hello-algo,95722,12137,1.8821917808219177,8,7707,403,215,1012
java-design-patterns,89419,26442,10.126027397260273,0,32893,5921,2104,3286
mall,77372,28717,6.473972602739726,3,100903,2990,942,844211
advanced-java,75735,19015,5.964383561643835,1,0,0,0,0
LeetCodeAnimation,75329,13966,5.8,0,78,4,4,0
spring-boot,74570,40552,11.931506849315069,30,373733,67957,16761,156312
elasticsearch,69604,24631,14.627397260273973,30,0,0,0,0
interviews,63394,12892,7.605479452054794,0,5621,307,258,75
Java,58714,18980,8.191780821917808,0,10840,478,729,668
spring-framework,56250,37982,13.8,30,723263,91554,25724,529475
ghidra,50682,5783,5.567123287671233,30,0,0,0,0
guava,50033,10856,10.323287671232876,30,259125,24971,11521,307074
RxJava,47844,7608,11.70958904109589,30,370365,29953,15649,562692
Stirling-PDF,42445,3380,1.652054794520548,30,11834,2127,347,2767
jadx,41046,4813,11.520547945205479,29,117669,11836,4510,83552
dubbo,40390,26410,12.26849315068493,30,237333,25089,6090,211140
JeecgBoot,40109,14708,5.8273972602739725,30,43195,5616,894,41922
dbeaver,39350,3403,8.92876712328767,30,0,0,0,0
MPAndroidChart,37544,9010,10.416438356164383,30,21111,2706,606,27856
tutorials,36513,54475,11.405479452054795,0,486359,88995,24297,135386
arthas,35398,7445,6.068493150684931,30,44708,4011,1184,33815
hello-algorithm,35176,6474,4.32054794520548,0,61,3,3,0
lottie-android,34971,5404,7.964383561643835,30,17194,1962,371,9233
termux-app,34919,3667,8.923287671232877,30,24391,1896,458,19402
glide,34591,6118,11.213698630136987,30,60330,9056,1865,29802
halo,33320,9609,6.50958904109589,30,49965,11232,1891,10231
netty,33297,15888,13.87945205479452,0,326708,29885,10529,466120
AndroidUtilCode,33242,10672,8.150684931506849,30,39995,2793,914,97119
spring-boot-demo,32891,10823,6.8712328767123285,0,7163,2435,545,1119
zxing,32673,9352,12.953424657534246,30,39885,2955,989,13596
easyexcel,32024,7493,6.63013698630137,14,20545,3714,770,17934
NewPipe,31101,3016,9.057534246575342,30,40796,4759,944,24881
leetcode,30962,6764,6.019178082191781,20,0,0,0,0
selenium,30233,8124,11.693150684931506,30,0,0,0,0
spring-boot-examples,30166,12354,7.884931506849315,0,0,0,0,0
nacos,30058,12803,6.276712328767124,30,0,0,0,0
apollo,29062,10196,8.558904109589042,30,0,0,0,0
hutool,28951,7485,10.452054794520548,30,0,0,0,0
kafka,28419,13851,13.112328767123287,0,0,0,0,0
canal,28360,7589,11.695890410958905,30,0,0,0,0
SpringAll,28240,8119,6.397260273972603,0,6035,1982,420,1417
druid,27900,8569,12.895890410958904,30,730090,109102,19130,892961
spring-cloud-alibaba,27816,8312,6.810958904109589,30,20636,3874,749,18243
xxl-job,27397,10843,8.821917808219178,30,8637,765,185,3362
vhr,27297,10295,6.720547945205479,0,2971,417,96,4543
JCSprout,27070,7092,6.76986301369863,0,4399,318,177,286
ruoyi-vue-pro,26803,5684,3.663013698630137,28,76008,25210,3990,52816
miaosha,26191,6624,6.027397260273973,0,8581,1186,322,4090
fastjson,25722,6503,12.895890410958904,30,206496,11720,9518,797969
butterknife,25557,4607,11.558904109589042,0,7712,1077,336,2851
toBeTopJavaer,25297,5466,5.9150684931506845,0,0,0,0,0
incubator-seata,25225,8758,5.739726027397261,30,209306,21215,5966,1891243
proxyee-down,24936,4442,6.9150684931506845,30,3392,331,88,1171
SmartRefreshLayout,24892,4945,7.3123287671232875,12,18989,2549,656,11350
Telegram,24797,8002,10.915068493150685,30,1462835,80582,20117,740549
EventBus,24666,4656,12.191780821917808,7,5269,627,336,1657
Hystrix,24071,4701,11.846575342465753,30,62010,6698,3148,40609
flink,23860,13263,10.301369863013699,0,1163263,176534,40815,708687
skywalking,23719,6504,8.882191780821918,30,85372,16205,3743,14480
gson,23275,4275,9.517808219178082,7,34568,3332,1354,21862
redisson,23212,5338,10.7013698630137,30,155460,15617,3534,468080
libgdx,23165,6419,12.123287671232877,11,287328,20610,7374,14087166
jenkins,22996,8690,13.841095890410958,30,182779,24793,7776,185479
bazel,22996,4030,10.284931506849315,30,627720,86249,18448,738475
keycloak,22379,6623,11.23013698630137,30,464370,52603,12493,558054
Sentinel,22320,8004,6.473972602739726,25,55001,6585,1771,18807
Mindustry,22156,2927,7.402739726027397,30,0,0,0,0
source-code-hunter,22007,4098,4.906849315068493,0,0,0,0,0
ExoPlayer,21705,6016,10.282191780821918,28,262348,24896,4249,171334
openapi-generator,21359,6463,6.36986301369863,30,237148,20744,5042,330278
FizzBuzzEnterpriseEdition,21241,750,11.835616438356164,0,894,264,91,21
eladmin,21210,7337,5.778082191780822,1,7752,2193,334,1728
rocketmq,21093,11644,7.816438356164384,19,207476,18962,3699,306765
graal,20257,1622,8.693150684931506,30,0,0,0,0
GSYVideoPlayer,20103,4184,7.86027397260274,30,30718,3312,954,34120
DoKit,20091,3092,6.112328767123287,10,80480,7066,2072,112602
RxAndroid,19886,2947,10.101369863013698,20,1452,125,62,170
Apktool,19876,3564,12.517808219178082,23,12387,1160,337,9608
HikariCP,19870,2922,10.964383561643835,0,10652,715,212,30963
shardingsphere,19799,6704,8.682191780821919,30,189403,52423,11726,213715
mybatis-3,19701,12817,11.608219178082193,30,55477,5686,2039,34700
jdk,19447,5439,6.016438356164383,0,0,0,0,0
litemall,19123,7172,6.506849315068493,8,90884,2849,695,945790
SpringBoot-Labs,18982,5971,6.03013698630137,0,17714,6288,1541,2112
PhotoView,18771,3916,12.189041095890412,5,1792,213,61,1107
SmartTube,18712,1040,4.153424657534247,30,231020,20716,4873,206094
cat,18636,5416,11.805479452054794,3,97994,10176,2714,43578
SpringCloudLearning,17848,8056,7.463013698630137,0,1123,651,150,78
dataease,17416,3171,3.638356164383562,30,34471,4701,1199,20160
disruptor,17366,3919,12.008219178082191,14,13167,1837,529,10612
awesome-system-design-resources,17334,4164,0.9123287671232877,0,276,7,10,0
thingsboard,17256,5085,7.813698630136987,30,0,0,0,0
LSPosed,17225,2591,3.780821917808219,30,22952,2358,703,20545
tinker,17136,3334,8.04931506849315,30,39607,2410,808,13827
Algorithms,17128,4334,7.52054794520548,0,32494,1209,488,7501
APIJSON,17103,2144,7.838356164383562,30,12529,373,85,60152
intellij-community,17098,5225,12.986301369863014,0,0,0,0,0
fresco,17072,3751,9.567123287671233,30,63248,8623,1754,32910
antlr4,16998,3262,14.64109589041096,30,40886,3809,1213,31907
zipkin,16939,3083,12.301369863013699,30,38332,5169,1248,15755
DSA-Bootcamp-Java,16926,10913,3.147945205479452,0,6614,321,274,886
Android-Universal-Image-Loader,16786,6104,12.827397260273973,0,7434,681,222,4038
java8-tutorial,16726,4039,10.526027397260274,0,2081,91,88,344
zheng,16664,7381,7.972602739726027,0,41742,2290,717,173496
analysis-ik,16489,3265,12.778082191780822,30,2250,167,46,486
JustAuth,16402,2759,5.646575342465753,30,5504,971,240,2406
mybatis-plus,16297,4297,8.101369863013698,30,31463,4901,1187,23978
material-components-android,16278,3056,7.8,30,108807,14005,3027,166056
springboot-learning-example,16234,7128,7.63013698630137,0,1641,526,119,325
conductor,16226,425,0.7917808219178082,11,74444,7810,1478,86944
Sa-Token,16171,2575,4.638356164383562,30,22486,2579,715,33338
Grasscutter,16168,4473,2.4328767123287673,20,0,0,0,0
yudao-cloud,16089,3911,5.394520547945206,14,73903,25367,3990,52732
presto,15924,5328,12.128767123287671,0,707587,101755,15879,883763
DataX,15786,5397,6.682191780821918,7,78803,5331,2057,21080
BigData-Notes,15755,4220,5.542465753424658,0,2124,440,94,63
caffeine,15730,1588,9.783561643835617,30,76887,6225,2025,182623
SpringBoot-Learning,15700,4884,8.093150684931507,0,2790,1198,276,391
Android-CleanArchitecture,15514,3319,10.098630136986301,0,2260,540,150,706
VirtualXposed,15369,2478,6.813698630136987,30,47736,5735,4058,21353
Chat2DB,14892,1664,1.2575342465753425,30,32697,5956,1266,15561
mockito,14821,2546,11.947945205479453,30,51565,7273,2915,38065
hadoop,14656,8832,10.076712328767123,0,1639739,158987,35233,1505339
bytecode-viewer,14612,1141,9.947945205479453,30,19877,1739,827,5112
CircleImageView,14556,3119,10.684931506849315,0,360,33,7,536
flink-learning,14493,3894,5.728767123287671,0,13941,2480,648,1926
ARouter,14443,2606,7.778082191780822,16,3165,362,138,1710
QMUI_Android,14418,2671,7.427397260273972,30,58309,5829,1737,37675
tech-interview-for-developer,14393,3332,5.293150684931507,0,636,17,13,12
questdb,14357,1154,10.408219178082192,30,0,0,0,0
vert.x,14253,2067,13.273972602739725,0,0,0,0,0
pulsar,14137,3567,8.241095890410959,30,487810,49235,12169,588689
Arduino,14124,7003,14.021917808219179,30,25793,1734,740,14725
jd-gui,13942,2381,9.504109589041096,18,19309,1847,984,4524
logger,13816,2138,9.515068493150684,16,827,105,21,269
deeplearning4j,13612,3825,10.827397260273973,0,551559,47772,12322,310645875
jib,13606,1430,6.668493150684932,30,35094,4971,858,12017
quarkus,13580,2632,6.219178082191781,30,818049,144676,34488,1662741
Luban,13559,2242,8.169863013698631,6,1088,86,34,315
Material-Animations,13529,2474,9.547945205479452,0,1010,198,66,214
spring-analysis,13509,4179,8.04109589041096,0,378,80,41,59
tink,13476,1180,10.301369863013699,21,82161,11231,1888,44061
AndroidAutoSize,13459,1963,6.104109589041096,14,1720,265,69,1533
zuul,13447,2372,11.534246575342467,9,20913,3127,776,11954
Android-PickerView,13444,3446,9.742465753424657,0,4421,339,105,1410
druid,13413,3684,11.92054794520548,30,730090,109102,19130,892961
pinpoint,13380,3751,9.931506849315069,30,366030,51529,11451,167438
PictureSelector,13255,3004,7.720547945205479,30,39103,3800,912,36444
Ehviewer_CN_SXJ,13218,395,3.871232876712329,30,64171,5797,1433,48754
onedev,13194,855,5.882191780821918,30,269646,43585,10801,168344
piggymetrics,13180,6090,9.490410958904109,2,1881,598,105,379
neo4j,13146,2372,11.868493150684932,30,719179,82539,20539,1749020
mall-learning,12930,8326,5.449315068493151,0,14384,1238,275,57148
banner,12864,2511,8.424657534246576,0,2724,444,134,3481
lombok,12831,2374,15.2986301369863,0,0,0,0,0
conductor,12829,2331,7.794520547945205,30,74444,7810,1478,86944
mit-deep-learning-book-pdf,12735,2690,7.465753424657534,3,2,0,1,0
Java,12715,5045,8.832876712328767,0,10840,478,729,668
supertokens-core,12710,493,4.715068493150685,30,89955,7957,1304,44642
dolphinscheduler,12697,4579,5.564383561643836,30,102894,18731,3881,34795
stetho,12669,1127,9.67123287671233,13,19239,2575,837,4408
greenDAO,12627,2892,12.926027397260274,8,18545,1825,765,17273
Matisse,12518,2066,7.449315068493151,15,3418,506,106,614
zaproxy,12514,2239,9.30958904109589,10,181887,11856,4790,173999
guice,12465,1665,10.326027397260274,19,79671,14393,4834,29995
AndroidViewAnimations,12422,2422,10.257534246575343,9,965,277,148,188
eureka,12370,3740,12.164383561643836,30,32879,4366,943,13781
AndroidSwipeLayout,12369,2672,10.084931506849315,18,2770,275,98,4359
doris,12342,3214,7.120547945205479,30,557831,61510,13187,726059
spring-boot-admin,12337,3076,10.167123287671233,30,13818,3556,583,3329
dex2jar,12224,2103,9.528767123287672,8,41715,3098,897,12067
languagetool,12214,1380,11.128767123287671,0,198670,13760,4102,134362
Mybatis-PageHelper,12180,3130,10.293150684931506,14,7338,1041,255,5364
zookeeper,12156,7222,15.498630136986302,0,120867,9727,3456,64324
COLA,11883,3060,6.627397260273972,11,7995,2124,667,1850
uCrop,11854,2155,8.717808219178082,17,4669,485,105,2226
VasSonic,11815,1610,7.147945205479452,10,7421,466,142,2399
jedis,11800,3860,14.29041095890411,30,95973,5284,1517,570832
mall-swarm,11696,5230,4.83013698630137,3,101603,2893,941,845159
matrix,11576,1873,5.786301369863014,16,79032,6278,1796,17962
fullstack-tutorial,11548,2438,6.449315068493151,0,0,0,0,0
metersphere,11496,2535,4.638356164383562,10,293409,22220,4418,1496742
cryptomator,11490,982,10.643835616438356,30,15794,3488,598,7488
realm-java,11450,1745,12.432876712328767,0,110167,8209,2319,98943
webmagic,11379,4176,11.421917808219177,26,8772,1559,407,3881
grpc-java,11369,3818,9.794520547945206,30,243980,29217,7334,65168
CtCI-6th-Edition,11291,4402,9.232876712328768,0,21093,1296,651,2730
android-interview-questions,11268,2233,7.208219178082191,0,5,0,1,0
ImmersionBar,11268,1885,7.432876712328767,0,7237,902,299,22614
PermissionsDispatcher,11222,1443,9.10958904109589,30,3184,193,146,4091
SlidingMenu,11080,5044,12.238356164383562,0,3085,353,135,3511
interview,11078,5171,10.180821917808219,0,27259,1343,692,2274
androidannotations,11063,2349,12.72054794520548,0,28800,5737,1621,25133
FlycoTabLayout,11050,2417,8.876712328767123,4,2730,213,51,7362
newbee-mall,11033,2704,5.008219178082192,0,3935,448,95,3107
FileDownloader,11018,2200,8.756164383561643,30,14387,1218,454,11302
SmarterStreaming,10922,2754,8.495890410958904,0,10750,661,181,12307
jsoup,10881,2170,14.76986301369863,14,34012,2169,656,79958
cas,10865,3915,13.046575342465754,30,214710,76746,12397,66753
javapoet,10808,1371,11.643835616438356,0,7543,447,114,12800
vlayout,10801,1795,7.572602739726028,30,14042,845,295,11534
OpenRefine,10799,1949,11.945205479452055,30,68465,8906,2285,15963
platform_frameworks_base,10632,6212,15.92876712328767,0,0,0,0,0
android-async-http,10631,4096,13.597260273972603,3,0,0,0,0
okhttp-OkGo,10593,2551,8.693150684931506,14,0,0,0,0
kkFileView,10542,2694,6.780821917808219,15,0,0,0,0
RxPermissions,10481,1310,8.986301369863014,11,0,0,0,0
Java-WebSocket,10474,2574,14.67945205479452,18,0,0,0,0
JiaoZiVideoPlayer,10467,2419,8.63013698630137,30,4511,502,146,3908
debezium,10459,2493,8.67123287671233,0,199142,21269,4960,172458
clojure,10442,1456,14.241095890410959,0,46790,3301,1371,119495
auto,10416,1201,11.342465753424657,30,31936,4685,1943,28997
jvm,10414,2263,6.254794520547946,0,5,0,1,0
plantuml,10337,938,13.89041095890411,30,186331,26251,5704,140099
MVPArms,10276,2388,8.134246575342466,25,5986,990,191,4783
trino,10213,2945,5.67945205479452,0,0,0,0,0
jjwt,10210,1321,10.032876712328767,7,15901,3068,1099,14309
VirtualApp,10162,2896,8.216438356164383,0,46624,5593,3675,22168
ViewPagerIndicator,10137,4009,13.142465753424657,0,2947,359,148,1932
pkl,10133,270,0.673972602739726,8,53995,8920,6435,39988
Activiti,10077,6940,12.03013698630137,30,152904,19424,5213,300733
glide-transformations,9899,1410,9.70958904109589,0,991,150,58,75
easypermissions,9860,1461,8.756164383561643,12,1705,295,49,403
paascloud-master,9833,4317,6.523287671232877,0,16428,4529,976,4049
AVLoadingIndicatorView,9745,1893,8.917808219178083,1,2161,328,164,621
JsBridge,9736,2010,9.575342465753424,0,1037,102,34,500
Fragmentation,9718,2110,8.586301369863014,30,8981,1486,485,4293
MagicIndicator,9714,1544,8.246575342465754,12,4533,515,138,2775
Paper,9701,2269,8.673972602739726,1,3095,475,46,99
datahub,9690,2864,8.852054794520548,30,119459,27996,2987,41935
resilience4j,9679,1325,9.312328767123288,30,58744,10798,2280,27029
xManager,9665,272,3.6191780821917807,30,44993,1597,862,5643
CoreNLP,9651,2701,11.243835616438357,16,565452,25231,6394,641515
Android-ObservableScrollView,9651,2063,9.876712328767123,0,12621,1680,659,2536
spark,9636,1558,13.391780821917807,0,9588,1004,287,10413
react-native-camera,9633,3511,9.484931506849316,30,0,0,0,0
android-Ultra-Pull-To-Refresh,9584,2655,9.865753424657534,8,5476,647,226,3082
spring-boot-api-project-seed,9578,3781,7.254794520547946,4,484,75,19,146
DanmakuFlameMaster,9544,2103,11.12054794520548,5,12879,888,277,8171
OpenSearch,9541,1751,3.6465753424657534,30,1173474,129610,30672,657673
android-gif-drawable,9538,1778,11.652054794520549,30,2920,394,106,3823
kafka-ui,9515,1157,4.824657534246575,25,18139,3716,775,8790
spider-flow,9501,1829,4.49041095890411,2,8748,867,279,3273
AndroidSlidingUpPanel,9496,2264,11.317808219178081,8,2011,84,23,2244
Mycat-Server,9493,3852,9.808219178082192,7,92943,6320,1671,101328
aws-doc-sdk-examples,9448,5604,8.098630136986301,0,71234,10572,1598,10020
zfile,9433,1818,5.095890410958904,30,6839,1900,428,1390
feign,9433,1920,11.246575342465754,30,33861,5497,1954,15653
PocketHub,9391,3461,13.046575342465754,1,6980,1394,314,1917
AgentWeb,9234,1636,7.36986301369863,21,11320,1382,381,4811
cim,9225,2839,6.345205479452055,7,7598,917,237,3458
lawnchair,9199,1200,7.558904109589041,29,146816,17288,3153,184425
testing-samples,9183,3613,9.956164383561644,0,1849,473,116,271
AndroidNote,9151,2133,8.72054794520548,0,402,39,11,65
Signal-Server,9135,2146,10.794520547945206,0,0,0,0,0
CalendarView,9103,1788,7.53972602739726,0,0,0,0,0
MaterialDesignLibrary,8994,2224,9.986301369863014,3,0,0,0,0
VirtualAPK,8979,1521,7.238356164383561,4,0,0,0,0
android-gpuimage,8975,2263,11.975342465753425,0,0,0,0,0
sonarqube,8943,1957,13.72054794520548,30,0,0,0,0
Aegis,8871,372,8.106849315068493,30,0,0,0,0
JsonPath,8869,1637,13.668493150684931,10,0,0,0,0
storm,8839,1666,13.024657534246575,0,365496,24488,5740,214841
Jetpack-MVVM-Best-Practice,8829,1624,4.898630136986301,0,0,0,0,0
StatusBarUtil,8813,1723,8.608219178082193,0,0,0,0,0
EhViewer,8727,965,10.364383561643836,30,0,0,0,0
Android_Data,8726,2031,9.476712328767123,0,0,0,0,0
spring-security,8722,5864,12.706849315068494,30,0,0,0,0
cassandra,8714,3596,15.35068493150685,0,0,0,0,0
Android-PullToRefresh,8704,4699,12.824657534246576,0,0,0,0,0
awesome-java-leetcode,8694,1727,7.435616438356164,0,0,0,0,0
SpringCloud,8680,3869,7.16986301369863,0,0,0,0,0
starrocks,8680,1755,3.052054794520548,30,0,0,0,0
Android-SpinKit,8617,1308,8.515068493150684,0,0,0,0,0
Calligraphy,8589,1098,10.764383561643836,4,0,0,0,0
buck,8557,1160,11.438356164383562,30,0,0,0,0
AndResGuard,8528,1530,8.953424657534246,4,0,0,0,0
junit4,8518,3256,15.7013698630137,13,0,0,0,0
epoxy,8505,733,8.126027397260273,30,0,0,0,0
dropwizard,8498,3441,13.682191780821919,30,0,0,0,0
jna,8471,1672,13.408219178082192,0,0,0,0,0
react-native-image-picker,8449,2078,9.295890410958904,30,0,0,0,0
BottomBar,8418,1505,8.526027397260274,4,0,0,0,0
shenyu,8414,2922,6.205479452054795,10,0,0,0,0
Android-Debug-Database,8397,872,7.852054794520548,14,0,0,0,0
hsweb-framework,8317,3047,8.684931506849315,28,0,0,0,0
GmsCore,8303,1699,10.421917808219177,30,0,0,0,0
checkstyle,8297,3662,11.068493150684931,30,0,0,0,0
jmeter,8269,2088,14.334246575342465,10,0,0,0,0
tsunami-security-scanner,8206,886,4.304109589041096,23,0,0,0,0
MaterialViewPager,8136,1480,9.419178082191781,11,0,0,0,0
atlas,8125,1473,7.5698630136986305,7,0,0,0,0
flyway,8123,1502,11.778082191780822,30,27891,3753,971,34501
AndroidPdfViewer,8120,1890,8.30958904109589,0,3328,282,71,4377
shardingsphere-elasticjob,8116,3278,9.035616438356165,30,15073,3141,678,1767
LitePal,8100,1585,11.594520547945205,0,0,0,0,0
karate,8087,1938,7.624657534246575,30,0,0,0,0
otter,8052,2492,11.128767123287671,10,0,0,0,0
spring-reading,8000,949,1.021917808219178,0,0,0,0,0
testcontainers-java,7973,1641,9.452054794520548,30,0,0,0,0
SimianArmy,7971,1134,12.219178082191782,4,0,0,0,0
hugo,7920,797,10.832876712328767,0,0,0,0,0
subsampling-scale-image-view,7866,1197,11.07945205479452,21,0,0,0,0
HomeMirror,7861,670,9.09041095890411,0,0,0,0,0
UltimateAndroidReference,7845,1293,7.457534246575342,0,0,0,0,0
im-server,7844,1785,5.6657534246575345,30,0,0,0,0
flowable-engine,7834,2588,7.947945205479452,26,0,0,0,0
seatunnel,7833,1766,7.136986301369863,30,0,0,0,0
material-theme-jetbrains,7832,450,9.005479452054795,17,0,0,0,0
metrics,7830,1809,14.578082191780823,30,0,0,0,0
beam,7782,4217,8.643835616438356,30,0,0,0,0
RxLifecycle,7715,637,9.180821917808219,22,0,0,0,0
XPopup,7712,1164,5.7972602739726025,30,0,0,0,0
kestra,7675,470,5.082191780821918,30,0,0,0,0
ysoserial,7653,1743,9.657534246575343,1,0,0,0,0
pentaho-kettle,7640,3439,10.961643835616439,1,0,0,0,0
vjtools,7631,1530,6.323287671232877,9,0,0,0,0
transmittable-thread-local,7601,1687,10.95068493150685,30,0,0,0,0
MVVMHabit,7584,1688,7.178082191780822,3,0,0,0,0
FrameworkBenchmarks,7567,1939,11.509589041095891,17,0,0,0,0
MyBookshelf,7563,1811,6.284931506849315,30,0,0,0,0
RxJava-Android-Samples,7548,1374,10.175342465753424,0,0,0,0,0
AndroidAsync,7520,1557,12.087671232876712,0,0,0,0,0
javacv,7519,1576,10.427397260273972,11,0,0,0,0
android-classyshark,7511,871,8.95068493150685,17,0,0,0,0
tomcat,7495,4990,12.986301369863014,0,0,0,0,0
hellocharts-android,7435,1612,9.953424657534246,14,0,0,0,0
react-native-svg,7432,1120,8.684931506849315,30,0,0,0,0
Shadow,7424,1302,5.279452054794521,5,0,0,0,0
algs4,7412,2679,9.068493150684931,0,0,0,0,0
swagger-core,7374,2173,13.224657534246575,30,0,0,0,0
closure-compiler,7370,1146,10.441095890410958,0,0,0,0,0
SpringCloud-Learning,7358,2883,8.093150684931507,0,5631,1099,230,19322
LeetCode,7350,1881,4.701369863013698,0,0,0,0,0
ShortcutBadger,7347,1343,10.857534246575343,0,885,164,36,108
aeron,7331,887,10.627397260273973,30,114609,9419,1632,135987
graylog2-server,7330,1055,14.35890410958904,0,224525,53562,8987,121172
Mapper,7320,1627,9.841095890410958,7,19092,2316,569,16494
dagger,7306,3058,12.145205479452056,0,8043,1289,499,2431
Android-Bootstrap,7285,1428,10.895890410958904,5,10389,550,132,2480
sweet-alert-dialog,7268,1939,9.934246575342465,2,943,70,20,497
VBlog,7266,2925,6.742465753424658,0,781,132,30,843
RePlugin,7252,1525,7.295890410958904,19,30275,2366,646,14601
TakePhoto,7242,1506,9.142465753424657,15,2403,278,69,599
UltimateRecyclerView,7224,1427,9.657534246575343,9,16083,1992,647,15812
SDE-Interview-Questions,7216,2159,6.912328767123288,1,5,0,1,0
agera,7198,639,8.76986301369863,16,10897,1835,360,4305
WeChatLuckyMoney,7188,2222,8.983561643835616,20,931,113,29,185
xmall,7146,2555,7.158904109589041,0,45293,1362,367,199974
baritone,7138,1432,6.145205479452055,30,22113,3149,653,10186
ActionBarSherlock,7100,3536,13.553424657534247,30,26463,2616,842,27071
gocd,7099,970,10.783561643835617,30,271557,40781,6845,207107
SmartTabLayout,7089,1341,9.608219178082193,0,1912,286,74,437
awesome-low-level-design,7085,1875,0.8493150684931506,0,7710,754,390,1706
mapstruct,7051,946,12.326027397260274,30,92842,16897,5228,47040
Timber,6993,2155,9.284931506849315,5,21859,2446,662,8946
elasticsearch-sql,6990,1538,10.084931506849315,30,32643,2586,564,52485
nanohttpd,6935,1692,12.123287671232877,3,7106,625,258,3191
KnowStreaming,6916,1278,4.515068493150685,23,31517,6721,1699,9641
DroidPlugin,6893,2530,9.076712328767123,2,22301,2596,3449,2908
MinecraftForge,6888,2683,12.654794520547945,0,60472,11137,3621,58403
okhttputils,6877,2389,9.104109589041096,0,1961,261,102,434
error-prone,6823,742,10.093150684931507,30,124751,25314,6475,94345
HMCL,6812,672,9.26027397260274,30,61488,6998,1767,40595
rest-assured,6811,1877,13.931506849315069,0,28526,3683,844,74539
LSPatch,6807,724,3.5616438356164384,9,7008,634,197,3486
alluxio,6805,2934,11.758904109589041,30,225214,24428,5390,117521
netty-socketio,6772,1647,12.7013698630137,17,6190,837,213,5193
PowerJob,6768,1190,4.523287671232877,30,23528,4146,860,3624
jvm-sandbox,6761,1558,7.142465753424657,13,14407,1515,577,5377
walle,6756,1081,7.704109589041096,1,4633,296,112,817
react-native-push-notification,6752,2052,8.778082191780822,30,1884,183,36,449
angel,6728,1605,7.416438356164384,19,204252,13980,3262,120572
AndroidAutoLayout,6675,1897,8.849315068493151,0,2370,455,156,687
JavaTutorial,6672,1562,6.397260273972603,1,14,1,3,1
AndroidPerformanceMonitor,6660,1019,8.687671232876712,0,2234,220,69,760
mybatis-generator-gui,6659,2531,8.378082191780821,16,3047,280,58,2728
rabbitmq-tutorials,6632,3567,14.01095890410959,0,1480,234,51,117
AndPermission,6625,1099,8.035616438356165,0,4486,671,196,1258
haven,6616,727,7.567123287671233,30,4561,539,110,930
PojavLauncher,6596,1264,4.536986301369863,30,25554,2341,538,48128
storm,6590,4076,10.887671232876713,0,365496,24488,5740,214841
BookReader,6568,1877,8.142465753424657,0,30914,3343,1005,17701
Toasty,6567,809,7.67945205479452,19,487,65,17,906
springBoot,6511,3075,7.879452054794521,0,6250,1343,303,4091
ansj_seg,6479,2317,12.054794520547945,3,12130,1377,259,2088
processing,6469,1504,11.665753424657535,30,110008,3389,1498,468156
AndroidPicker,6460,1466,8.926027397260274,30,13198,1281,388,12285
RoundedImageView,6441,1247,11.58904109589041,19,1265,126,27,1612
Leaf,6424,1837,5.786301369863014,0,1305,139,57,450
itstack-demo-design,6415,1907,4.342465753424658,0,3992,466,238,1145
AndroidProject,6408,1346,5.920547945205479,17,20468,2583,767,6868
Android-Image-Cropper,6388,1369,9.69041095890411,30,4655,309,55,2815
Android-skin-support,6388,1078,7.695890410958904,0,19377,2462,564,7157
zeppelin,6380,2806,9.504109589041096,0,191873,12017,2671,94762
android-floating-action-button,6375,1460,10.016438356164384,0,1078,117,35,1011
springcloud-learning,6359,2770,5.046575342465753,0,5631,1099,230,19322
Spring-Cloud-Platform,6352,2395,7.3342465753424655,3,6014,848,249,10204
JimuReport,6343,1628,4.8,21,147,48,11,23
WukongCRM-11.0-JAVA,6334,958,3.463013698630137,0,64304,12818,2158,23258
junit5,6327,1469,9.7013698630137,30,87856,13359,3954,111466
DependencyCheck,6317,1262,12.057534246575342,30,40990,3425,910,39636
ion,6294,1036,11.345205479452055,0,9443,1311,422,6820
smali,6294,1066,12.002739726027396,0,46762,6933,1920,17299
wiremock,6288,1424,12.961643835616439,30,50126,7128,1691,91364
JFoenix,6286,1055,9.043835616438356,0,24546,2941,690,9386
remusic,6277,1930,8.504109589041096,0,47786,4386,1228,35191
AntennaPod,6276,1389,12.153424657534247,30,50616,5855,1185,17254
async-http-client,6272,1588,13.553424657534247,3,28692,3239,889,23584
gnirehtet,6265,573,7.619178082191781,12,4330,305,96,1158
quartz,6240,1920,8.547945205479452,4,34646,2741,752,57673
richeditor-android,6233,1202,9.487671232876712,0,804,104,49,2019
jsonschema2pojo,6224,1656,11.257534246575343,30,14399,1832,311,20923
byte-buddy,6221,803,10.830136986301369,30,278499,36831,9762,90423
spring-cloud-examples,6217,3088,7.4082191780821915,0,390,230,61,28
from-java-to-kotlin,6192,789,7.342465753424658,0,37,1,2,0
iceberg,6187,2155,5.843835616438356,22,275006,35177,6765,134055
config,6150,967,12.805479452054794,1,13186,1095,411,15236
SwipeBackLayout,6126,1404,11.084931506849315,0,1635,90,25,1104
jOOQ,6109,1200,13.443835616438356,30,209091,31155,5882,5251599
MaterialEditText,6106,1042,9.904109589041095,19,3385,147,34,19314
graphql-java,6100,1117,9.221917808219178,30,64936,10426,1790,41552
1brc,6096,1833,0.736986301369863,0,53431,1900,654,4548
hazelcast,6089,1830,12.512328767123288,30,1070100,130741,29248,740516
NumberProgressBar,6068,1398,10.402739726027397,3,380,19,8,551
grafika,6064,1458,10.764383561643836,1,10035,660,180,710
micronaut-core,6043,1056,6.5479452054794525,30,164018,26284,6117,168093
EffectiveAndroidUI,6034,1194,10.227397260273973,0,1923,324,98,848
dynamic-load-apk,6025,1997,10.487671232876712,0,2620,361,89,584
smile,6008,1123,9.843835616438357,28,0,0,0,0
material,6008,1325,9.791780821917808,10,0,0,0,0
LeetCode-Book,5995,725,2.7643835616438355,0,0,0,0,0
physical-web,5993,665,9.983561643835616,17,0,0,0,0
j2objc,5989,966,10.64931506849315,30,0,0,0,0
xUtils3,5988,1987,8.906849315068493,9,0,0,0,0
Recaf,5955,460,7.161643835616438,30,0,0,0,0
androidmvp,5935,1580,10.482191780821918,0,0,0,0,0
springfox,5928,1536,12.389041095890411,12,0,0,0,0
material-calendarview,5914,1318,9.621917808219179,22,0,0,0,0
ssm,5911,2756,8.265753424657534,0,0,0,0,0
hibernate-orm,5898,3524,13.975342465753425,30,0,0,0,0
motan,5884,1779,8.427397260273972,25,0,0,0,0
robolectric,5874,1361,14.07945205479452,30,0,0,0,0
gephi,5867,1567,12.92876712328767,19,0,0,0,0
java-jwt,5849,922,10.550684931506849,30,0,0,0,0
pig,5838,945,5.079452054794521,18,0,0,0,0
blade,5833,1171,9.293150684931506,9,0,0,0,0
incubator-kie-drools,5832,2493,13.602739726027398,4,0,0,0,0
java-eight-part,5821,983,3.9342465753424656,0,0,0,0,0
useful-java-links,5820,1186,8.610958904109589,0,0,0,0,0
BoomMenu,5808,1157,8.515068493150684,0,0,0,0,0
btrace,5796,956,10.073972602739726,30,0,0,0,0
DiskLruCache,5790,1176,12.723287671232876,0,0,0,0,0
tcc-transaction,5776,2790,8.805479452054794,8,0,0,0,0
DiscreteScrollView,5769,779,7.558904109589041,2,0,0,0,0
SoloPi,5756,1202,5.528767123287671,8,0,0,0,0
InfiniteCycleViewPager,5749,827,8.09041095890411,2,0,0,0,0
circular-progress-button,5746,1182,10.2986301369863,3,0,0,0,0
SpringBootVulExploit,5743,1296,4.345205479452055,0,0,0,0,0
zxing-android-embedded,5733,1266,11.821917808219178,9,0,0,0,0
springside4,5721,2911,12.58904109589041,3,12842,997,402,7807
XXPermissions,5712,775,6.273972602739726,30,4797,486,159,2665
FastHub,5708,931,7.594520547945206,30,40321,7541,1343,32463
aurora-imui,5707,997,7.780821917808219,30,17789,1644,523,17192
u2020,5682,932,10.860273972602739,0,4806,833,191,3165
Fast-Android-Networking,5675,956,8.509589041095891,10,19596,1851,719,7917
vavr,5672,629,10.64931506849315,16,64755,5433,831,763520
vespa,5639,590,8.306849315068494,30,619874,72757,18792,452492
AndroidImageSlider,5631,1660,10.315068493150685,5,3813,256,99,3723
SwipeRecyclerView,5619,1091,8.139726027397261,0,11090,1333,382,7409
flink-cdc,5617,1900,4.156164383561644,19,95824,13057,2409,44094
HTextView,5611,810,8.764383561643836,0,3076,382,142,317
lanproxy,5608,1520,7.843835616438356,1,2668,267,75,517
Discovery,5607,1423,6.257534246575342,30,25899,3950,1050,15255
ShowcaseView,5602,1288,12.112328767123287,13,2086,350,91,1158
FlowLayout,5599,1160,9.076712328767123,0,810,147,48,170
jetlinks-community,5597,1676,4.726027397260274,18,46304,11460,1806,18562
react-native-splash-screen,5597,1089,8.027397260273972,12,246,41,15,24
Blurry,5584,604,9.172602739726027,0,636,72,14,9
ListViewAnimations,5567,1649,11.517808219178082,14,5697,887,282,1433
disconf,5563,2289,10.323287671232876,12,14009,1886,577,5362
datax-web,5562,2143,4.846575342465753,5,13801,1598,440,4197
google-java-format,5562,855,9.372602739726027,28,12966,957,240,11088
iotdb,5532,999,5.83013698630137,30,595139,56133,11120,715199
camel,5515,4934,15.35068493150685,0,1736345,189553,64078,3093923
Android-ZBLibrary,5509,1380,9.095890410958905,25,14727,1710,496,8480
StickyListHeaders,5508,1516,12.53972602739726,16,2112,207,60,171
hive,5505,4669,15.35068493150685,0,2053999,140473,28522,2024135
mini-spring,5504,1279,3.8465753424657536,0,2472,508,182,757
mosby,5490,841,9.504109589041096,15,17138,3562,1067,6380
hippo4j,5483,1161,3.271232876712329,18,28166,5143,1338,6706
freeline,5481,623,8.139726027397261,22,5357,505,217,1872
hertzbeat,5475,952,2.6301369863013697,22,42317,6675,1080,14174
lamp-cloud,5471,1669,6.684931506849315,0,17640,6069,1001,5779
kafdrop,5460,834,5.328767123287672,30,3924,479,112,2815
barcodescanner,5459,1427,10.580821917808219,6,2796,385,120,863
api-samples,5442,2968,10.791780821917808,0,2541,269,42,184
uid-generator,5436,1548,7.495890410958904,0,873,72,32,293
rebound,5434,818,10.956164383561644,10,4095,373,115,3039
scribejava,5431,1672,14.054794520547945,9,12671,2079,692,5402
MagicCamera,5431,1616,8.70958904109589,0,14543,1248,517,2686
IJPay,5425,1341,7.397260273972603,24,14045,1526,374,36624
AndroidVideoCache,5423,1153,9.482191780821918,20,3217,372,115,1103
dubbo-spring-boot-project,5406,1879,6.67945205479452,13,1908,633,104,1062
EdXposed,5405,625,5.67945205479452,27,71794,5580,1475,175792
pinot,5403,1265,10.35068493150685,19,442105,41438,8619,278656
javaparser,5383,1142,12.904109589041095,30,135701,16780,3666,584279
wechat,5376,2421,9.336986301369864,0,34426,3214,784,9813
android-job,5375,557,9.095890410958905,30,10693,1322,334,6049
TapTargetView,5368,587,8.035616438356165,24,1960,176,45,1897
SystemBarTint,5363,1434,10.852054794520548,3,807,72,16,203
lettuce,5360,959,10.375342465753425,30,84932,10611,2484,291251
spring-boot-projects,5353,1593,7.482191780821918,0,2606,463,115,971
cw-omnibus,5348,3783,12.536986301369863,30,71119,10359,3466,39028
XRecyclerView,5339,1262,8.852054794520548,0,5151,649,236,1501
hudi,5335,2416,7.7753424657534245,28,244434,33778,6015,216550
austin,5332,1346,2.8794520547945206,0,6372,2136,380,509
socket.io-client-java,5325,972,11.408219178082192,6,5654,440,251,972
JSqlParser,5319,1341,13.257534246575343,30,40221,4581,1108,378219
android-advancedrecyclerview,5318,860,9.665753424657535,1,20692,2609,951,12649
shimmer-android,5315,698,9.572602739726028,5,885,60,13,126
gradle-retrolambda,5300,449,11.139726027397261,30,623,115,26,54
FastBle,5289,1224,8.087671232876712,9,4713,460,136,2737
generator,5276,2517,11.61917808219178,11,72679,5046,1265,56501
janusgraph,5276,1164,7.742465753424658,26,101574,12992,2656,77623
CompreFace,5270,723,4.2164383561643834,11,7766,2615,552,1297
VitamioBundle,5270,2071,11.934246575342465,0,6501,500,133,7582
android-lifecycle,5264,681,10.435616438356165,0,481,42,10,910
AmazeFileManager,5253,1567,10.197260273972603,30,31733,3226,642,12642
titan,5247,1013,12.580821917808219,0,71163,9348,2183,32686
Side-Menu.Android,5234,1507,9.695890410958905,2,449,70,22,74
Dexter,5231,671,8.852054794520548,30,2197,354,96,332
MusicBot,5230,2513,8.10958904109589,30,4097,627,233,985
twoway-view,5230,1021,11.682191780821919,0,3688,310,93,4416
FloatingActionButton,5227,1129,9.512328767123288,14,2805,218,65,6565
QR-Code-generator,5201,1109,8.443835616438356,3,1823,75,27,372
hbase,5200,3325,10.342465753424657,30,927343,91207,16826,795026
linuxdeploy,5193,678,12.095890410958905,30,2693,265,61,1328
google-authenticator,5191,968,9.961643835616439,0,3935,237,103,1809
BasePopup,5191,756,8.693150684931506,15,28287,3344,963,19479
Android-Touch-Helper,5190,502,3.936986301369863,30,2257,227,65,107
spring-data-examples,5174,3394,10.64931506849315,0,50653,17261,6661,2928
groovy,5174,1879,9.443835616438356,0,192694,14549,6016,1080389
okdownload,5165,772,6.76986301369863,8,18986,2210,434,12094
otto,5164,848,12.243835616438357,0,1987,207,118,302
springboot-guide,5155,1400,5.821917808219178,0,1522,572,164,188
traccar,5155,2563,12.443835616438356,30,64851,9776,3368,10299
smartTable,5152,857,6.876712328767123,30,14165,1853,433,9438
thumbnailator,5146,785,9.169863013698631,0,19559,906,276,20862
JS-Sorting-Algorithm,5134,1153,7.676712328767123,0,0,0,0,0
ctci,5130,2319,11.512328767123288,0,0,0,0,0
jeepay,5087,1759,7.117808219178082,0,0,0,0,0
web3j,5071,1675,8.054794520547945,30,0,0,0,0
jetcache,5066,1050,7.4520547945205475,30,0,0,0,0
graphhopper,5055,1571,12.6,30,0,0,0,0
views-widgets-samples,5050,3010,5.046575342465753,0,0,0,0,0
Small,5041,1106,8.824657534246576,25,0,0,0,0
android-common,5016,2646,12.26849315068493,1,0,0,0,0
DKVideoPlayer,5012,1031,7.454794520547945,30,0,0,0,0
UltraViewPager,5002,678,7.487671232876712,10,0,0,0,0
dialogplus,5000,793,9.786301369863013,9,0,0,0,0
android-zxingLibrary,4998,1042,8.164383561643836,0,0,0,0,0
GravitySnapHelper,4997,614,8.065753424657535,14,0,0,0,0
opentsdb,4991,1251,14.082191780821917,26,0,0,0,0
InstaMaterial,4991,1443,9.871232876712329,1,0,0,0,0
Luyten,4990,994,11.205479452054794,17,0,0,0,0
spring-mvc-showcase,4985,3708,13.312328767123288,0,0,0,0,0
LayoutManagerGroup,4980,680,6.405479452054794,0,0,0,0,0
dddsample-core,4973,1470,9.646575342465754,0,0,0,0,0
joda-time,4971,976,13.361643835616439,30,0,0,0,0
bitcoinj,4960,2476,10.849315068493151,9,0,0,0,0
RxJava2-Android-Samples,4959,1064,8.076712328767123,0,0,0,0,0
sofa-boot,4950,1260,6.47945205479452,30,0,0,0,0
NavigationTabBar,4949,858,8.490410958904109,13,0,0,0,0
novel,4936,1348,4.868493150684931,11,0,0,0,0
CloudReader,4934,1329,7.841095890410959,25,0,0,0,0
CameraView,4928,933,7.186301369863013,30,0,0,0,0
reactor-core,4928,1195,8.873972602739727,30,0,0,0,0
RippleEffect,4924,1081,9.945205479452055,0,0,0,0,0
YCSB,4913,2225,14.435616438356165,30,0,0,0,0
shopping-management-system,4912,2251,8.854794520547944,0,0,0,0,0
folding-cell-android,4901,841,8.479452054794521,0,0,0,0,0
mapdb,4886,873,12.104109589041096,0,0,0,0,0
picocli,4883,422,7.641095890410959,30,0,0,0,0
easy-rules,4872,1053,11.542465753424658,10,0,0,0,0
gpmall,4867,1881,5.183561643835616,0,0,0,0,0
react-native-linear-gradient,4864,701,9.484931506849316,18,0,0,0,0
spring-cloud-netflix,4863,2436,10.205479452054794,14,0,0,0,0
XUI,4858,835,5.712328767123288,23,0,0,0,0
wvp-GB28181-pro,4835,1435,3.8547945205479452,0,0,0,0,0
usb-serial-for-android,4834,1582,11.235616438356164,30,0,0,0,0
Transitions-Everywhere,4828,487,9.945205479452055,23,0,0,0,0
roncoo-pay,4826,2571,8.178082191780822,0,0,0,0,0
spring-authorization-server,4824,1269,4.517808219178082,30,0,0,0,0
packer-ng-plugin,4824,864,8.835616438356164,1,0,0,0,0
xpay,4819,1095,6.780821917808219,0,0,0,0,0
pmd,4810,1487,12.205479452054794,30,0,0,0,0
lucida,4808,881,10.367123287671232,0,0,0,0,0
react-native-config,4805,659,8.586301369863014,25,0,0,0,0
QLExpress,4797,1131,7.528767123287671,5,0,0,0,0
reactive-streams-jvm,4795,527,10.56986301369863,0,0,0,0,0
armeria,4790,909,8.857534246575343,30,0,0,0,0
JustTrustMe,4789,783,10.169863013698631,1,0,0,0,0
cglib,4786,885,10.490410958904109,15,0,0,0,0
strimzi-kafka-operator,4773,1274,8.386301369863014,30,0,0,0,0
Android-ConvenientBanner,4772,1057,9.756164383561643,0,0,0,0,0
nifi,4769,2667,9.786301369863013,0,0,0,0,0
ignite,4769,1898,9.597260273972603,0,0,0,0,0
AppManager,4769,267,4.317808219178082,30,0,0,0,0
runelite,4764,5209,8.4,0,0,0,0,0
AndroidStaggeredGrid,4758,1128,10.791780821917808,7,0,0,0,0
lwjgl3,4742,633,11.753424657534246,19,0,0,0,0
openai-java,4741,1192,4.021917808219178,22,0,0,0,0
logisim-evolution,4741,615,10.016438356164384,30,0,0,0,0
cameraview,4735,1032,8.139726027397261,0,0,0,0,0
orientdb,4730,870,11.791780821917808,30,0,0,0,0
DesignPattern,4730,1401,7.923287671232877,0,0,0,0,0
sodium-fabric,4727,807,4.6438356164383565,30,0,0,0,0
baseAdapter,4725,1199,9.145205479452056,0,0,0,0,0
android-tips-tricks,4719,577,8.07945205479452,0,0,0,0,0
reflections,4712,700,11.441095890410958,3,0,0,0,0
java-faker,4708,842,13.306849315068494,0,0,0,0,0
keepass2android,4707,381,7.008219178082192,27,0,0,0,0
SwitchButton,4707,867,10.043835616438356,0,0,0,0,0
ActiveAndroid,4705,1034,11.857534246575343,0,0,0,0,0
querydsl,4705,869,13.142465753424657,30,0,0,0,0
Geyser,4702,672,5.210958904109589,0,0,0,0,0
library,4702,706,5.701369863013698,0,0,0,0,0
spring-security-oauth,4693,4045,13.167123287671233,0,0,0,0,0
chuck,4686,452,7.624657534246575,5,0,0,0,0
Android-IMSI-Catcher-Detector,4685,941,10.838356164383562,30,0,0,0,0
Spring-Boot-In-Action,4683,1492,5.652054794520548,0,0,0,0,0
midjourney-proxy,4682,2339,1.4136986301369863,0,0,0,0,0
bisq,4682,1264,10.53972602739726,30,0,0,0,0
TelegramBots,4679,1181,8.695890410958905,30,0,0,0,0
mall4j,4679,1248,5.2246575342465755,5,0,0,0,0
oshi,4673,880,12.621917808219179,30,0,0,0,0
MaterialDateTimePicker,4670,951,9.723287671232876,30,0,0,0,0
dynamic-datasource,4669,1186,6.4082191780821915,18,0,0,0,0
mybatis,4665,2358,9.893150684931507,0,0,0,0,0
cardslib,4664,1194,11.01095890410959,27,0,0,0,0
shattered-pixel-dungeon,4658,1083,10.150684931506849,30,0,0,0,0
rstudio,4653,1089,13.8,0,0,0,0,0
small-spring,4651,1379,3.3589041095890413,0,0,0,0,0
liquibase,4639,1842,13.216438356164383,30,0,0,0,0
FirebaseUI-Android,4629,1832,9.210958904109589,30,0,0,0,0
PageIndicatorView,4622,561,8.093150684931507,14,0,0,0,0
wgcloud,4609,839,5.69041095890411,24,0,0,0,0
OsmAnd,4603,1008,13.693150684931506,1,0,0,0,0
JAViewer,4602,700,8.345205479452055,10,0,0,0,0
react-native-webrtc,4593,1229,8.991780821917809,30,0,0,0,0
MifareClassicTool,4584,898,11.613698630136986,8,0,0,0,0
megabasterd,4581,596,7.983561643835617,30,0,0,0,0
mockserver,4581,1071,11.578082191780823,0,0,0,0,0
SimplifyReader,4575,1610,9.106849315068493,0,0,0,0,0
rocketmq-externals,4569,3071,7.531506849315068,0,0,0,0,0
sqlbrite,4569,419,9.597260273972603,9,0,0,0,0
go-lang-idea-plugin,4565,573,14.076712328767123,21,0,0,0,0
killbill,4563,761,11.926027397260274,30,0,0,0,0
Depth-LIB-Android-,4560,590,8.41095890410959,0,0,0,0,0
quasar,4559,575,11.495890410958904,18,0,0,0,0
ribbon,4557,1238,11.693150684931506,30,0,0,0,0
calcite,4553,2350,10.252054794520548,0,0,0,0,0
JGrowing,4553,939,5.575342465753424,0,0,0,0,0
Douya,4549,1148,8.643835616438356,11,0,0,0,0
microservices-platform,4549,1679,5.550684931506849,30,0,0,0,0
SpringBoot-Shiro-Vue,4545,1787,6.8493150684931505,0,0,0,0,0
android-crop,4539,1075,10.536986301369863,6,0,0,0,0
libsvm,4538,1636,11.038356164383561,0,0,0,0,0
crawler4j,4534,1929,12.734246575342466,3,0,0,0,0
esProc,4525,319,2.8684931506849316,0,0,0,0,0
bottomsheet,4520,595,9.421917808219177,10,0,0,0,0
JSON-java,4510,2557,13.761643835616438,21,0,0,0,0
jpexs-decompiler,4509,656,10.375342465753425,30,0,0,0,0
SmoothProgressBar,4509,1006,10.824657534246576,9,0,0,0,0
dexposed,4507,1069,9.238356164383562,0,0,0,0,0
langchain4j,4506,885,1.2575342465753425,30,0,0,0,0
spring-cloud-gateway,4504,3306,7.852054794520548,17,0,0,0,0
blog_demos,4499,1835,7.46027397260274,0,0,0,0,0
Pixiv-Shaft,4491,188,5.482191780821918,30,0,0,0,0
bilibili-android-client,4490,1480,8.315068493150685,1,0,0,0,0
NineOldAndroids,4489,1534,12.797260273972602,0,0,0,0,0
ForestBlog,4483,1644,6.958904109589041,0,0,0,0,0
javacpp,4473,582,10.427397260273972,11,0,0,0,0
TV,4461,1606,2.254794520547945,0,0,0,0,0
aviatorscript,4460,831,13.493150684931507,30,0,0,0,0
spotless,4458,450,9.41095890410959,3,0,0,0,0
azkaban,4452,1585,11.936986301369863,30,0,0,0,0
GCViewer,4451,975,12.926027397260274,5,0,0,0,0
micrometer,4447,980,7.454794520547945,30,0,0,0,0
android-times-square,4446,1190,11.64931506849315,0,0,0,0,0
simplify,4439,438,10.69041095890411,9,0,0,0,0
java-algorithms-implementation,4439,1768,10.846575342465753,0,0,0,0,0
AndroidHttpCapture,4435,851,7.93972602739726,1,0,0,0,0
android-mvp-architecture,4434,1241,7.657534246575342,0,0,0,0,0
concurrent,4414,600,5.887671232876713,0,0,0,0,0
Robust,4414,806,7.531506849315068,13,0,0,0,0
spring-boot-best-practice,4404,1221,5.873972602739726,0,0,0,0,0
epic,4403,803,7.342465753424658,5,0,0,0,0
db-tutorial,4391,578,7.1287671232876715,0,0,0,0,0
GT,4388,1027,8.698630136986301,3,0,0,0,0
objectbox-java,4384,302,7.6657534246575345,30,0,0,0,0
--,4384,2204,4.263013698630137,0,0,0,0,0
ticker,4382,462,8.191780821917808,9,0,0,0,0
AndroidTutorialForBeginners,4377,6101,7.991780821917808,0,0,0,0,0
DeepLinkDispatch,4375,407,9.287671232876713,24,0,0,0,0
moco,4358,1081,11.936986301369863,1,0,0,0,0
leet-code,4355,21,9.416438356164383,0,0,0,0,0
BottomNavigation,4350,688,8.515068493150684,16,0,0,0,0
opengrok,4342,745,11.712328767123287,30,0,0,0,0
BGARefreshLayout-Android,4309,1002,9.326027397260274,4,0,0,0,0
shiro,4306,2308,15.076712328767123,10,0,0,0,0
typespec,4299,199,3.23013698630137,30,0,0,0,0
android-volley,4294,1562,11.347945205479451,0,0,0,0,0
Digital,4294,432,8.238356164383562,30,0,0,0,0
maven,4288,2656,15.35068493150685,19,0,0,0,0
JDA,4288,739,8.783561643835617,30,0,0,0,0
ImagePicker,4287,1035,8.657534246575343,5,0,0,0,0
coursera-android,4283,5309,10.72054794520548,0,0,0,0,0
android-autofittextview,4270,689,13.613698630136986,1,0,0,0,0
CircleIndicator,4266,714,10.153424657534247,7,0,0,0,0
flink-recommandSystem-demo,4259,1454,5.361643835616438,0,0,0,0,0
Gadgetbridge,4243,655,9.717808219178082,0,0,0,0,0
Ant-Media-Server,4237,621,7.567123287671233,30,0,0,0,0
java-learning,4236,1212,8.624657534246575,0,0,0,0,0
OpenHub,4236,415,7.2027397260273975,30,0,0,0,0
InternetArchitect,4234,2851,4.928767123287671,0,0,0,0,0
frontend-maven-plugin,4232,869,11.068493150684931,0,0,0,0,0
ShineButton,4220,544,8.221917808219178,2,0,0,0,0
tx-lcn,4211,1458,6.868493150684931,14,0,0,0,0
WePush,4203,987,7.254794520547946,30,0,0,0,0
poi-tl,4199,1017,9.517808219178082,14,0,0,0,0
dragonwell8,4188,496,5.550684931506849,30,0,0,0,0
CoordinatorTabLayout,4184,585,7.654794520547945,0,0,0,0,0
JKeyboardPanelSwitch,4183,684,9.232876712328768,14,0,0,0,0
android,4177,1746,8.2986301369863,30,0,0,0,0
FloatWindow,4176,647,6.857534246575343,9,0,0,0,0
h2database,4175,1190,9.457534246575342,23,0,0,0,0
failsafe,4171,297,9.238356164383562,0,0,0,0,0
BGABanner-Android,4166,779,9.915068493150685,0,0,0,0,0
serve,4162,843,4.975342465753425,23,0,0,0,0
jacoco,4160,1137,12.213698630136987,30,0,0,0,0
Infinity-For-Reddit,4160,404,6.161643835616438,30,0,0,0,0
powermock,4157,585,10.32876712328767,16,0,0,0,0
lilishop,4148,1065,3.361643835616438,3,0,0,0,0
AndroidWiFiADB,4145,480,8.934246575342465,8,0,0,0,0
jitsi,4131,970,11.419178082191781,7,0,0,0,0
sensitive-word,4128,548,4.712328767123288,2,0,0,0,0
GDA-android-reversing-Tool,4127,518,6.898630136986301,30,0,0,0,0
spring-boot-starter,4121,1787,8.997260273972604,30,0,0,0,0
aws-sdk-java,4113,2826,14.512328767123288,0,0,0,0,0
hmily,4110,1403,6.989041095890411,0,0,0,0,0
Tangram-Android,4110,526,7.487671232876712,30,0,0,0,0
LoadingDrawable,4101,637,8.441095890410958,0,0,0,0,0
javassist,4096,695,11.33972602739726,24,0,0,0,0
camunda-bpm-platform,4093,1549,11.726027397260275,0,0,0,0,0
IoT-Technical-Guide,4092,1047,5.47945205479452,0,0,0,0,0
campus-imaotai,4091,1339,1.2136986301369863,11,0,0,0,0
ipscan,4087,715,13.243835616438357,30,0,0,0,0
ExpandableTextView,4084,791,10.356164383561644,4,0,0,0,0
allure2,4082,703,8.326027397260274,30,0,0,0,0
djl,4075,650,4.901369863013699,30,0,0,0,0
malmo,4067,600,8.353424657534246,21,0,0,0,0
ViewPagerCards,4066,611,8.093150684931507,0,0,0,0,0
jodd,4063,723,12.046575342465754,30,0,0,0,0
open-location-code,4061,472,9.983561643835616,5,0,0,0,0
tiny-spring,4046,1823,10.704109589041096,0,0,0,0,0
crate,4044,554,11.46027397260274,30,0,0,0,0
CC,4042,636,6.832876712328767,0,0,0,0,0
greys-anatomy,4021,1216,11.841095890410958,0,0,0,0,0
QAuxiliary,4018,305,2.649315068493151,30,0,0,0,0
Bolts-Android,4017,520,10.652054794520549,11,0,0,0,0
bistoury,4015,825,5.147945205479452,8,0,0,0,0
Phoenix,4014,917,9.698630136986301,1,0,0,0,0
FloatingActionButton,4007,820,10.175342465753424,0,2805,218,65,6565
maxwell,4004,1006,9.621917808219179,30,0,0,0,0
SmartCropper,4004,743,7.13972602739726,13,0,0,0,0
TwinklingRefreshLayout,3996,672,8.561643835616438,0,0,0,0,0
XCL-Charts,3992,1124,10.293150684931506,0,0,0,0,0
dubbo-admin,3987,2166,6.701369863013698,6,0,0,0,0
BadgeView,3985,537,7.624657534246575,5,0,0,0,0
Wukong_HRM,3984,515,0.9342465753424658,0,0,0,0,0
hawk,3983,388,9.594520547945205,22,0,0,0,0
chunjun,3979,1690,6.473972602739726,30,0,0,0,0
BigImageViewer,3979,400,7.882191780821918,0,0,0,0,0
Suwayomi-Server,3969,202,3.747945205479452,30,0,0,0,0
zotfile,3958,280,12.736986301369862,30,0,0,0,0
GuideView,3956,651,8.265753424657534,0,0,0,0,0
tech-weekly,3954,713,5.808219178082192,0,0,0,0,0
RxJavaSamples,3940,858,8.501369863013698,3,0,0,0,0
android-iconify,3928,526,11.284931506849315,0,0,0,0,0
interviewGuide,3926,686,8.43013698630137,0,0,0,0,0
jstorm,3915,1804,11.06027397260274,22,0,0,0,0
RichText,3913,558,9.180821917808219,0,0,0,0,0
aurora,3912,657,2.0931506849315067,0,0,0,0,0
java-developer-roadmap,3911,541,5.421917808219178,0,0,0,0,0
guide-rpc-framework,3904,2046,4.36986301369863,0,0,0,0,0
Conductor,3896,345,8.523287671232877,30,74444,7810,1478,86944
effective-java-3e-source-code,3886,1939,6.13972602739726,0,0,0,0,0
learning-spark,3884,2421,10.276712328767124,0,0,0,0,0
XposedInstaller,3877,1514,12.479452054794521,0,0,0,0,0
LiveEventBus,3868,529,6.205479452054795,0,0,0,0,0
dolby_beta,3864,222,4.345205479452055,30,0,0,0,0
incubator-streampark,3855,993,5.328767123287672,27,0,0,0,0
DataMiningAlgorithm,3853,1707,9.704109589041096,0,0,0,0,0
XChange,3851,1941,12.643835616438356,0,0,0,0,0
BackgroundLibrary,3839,465,6.041095890410959,13,0,0,0,0
ahbottomnavigation,3835,682,8.520547945205479,14,0,0,0,0
jetty.project,3832,1906,13.202739726027398,30,0,0,0,0
MaterialSearchView,3829,616,9.027397260273972,6,0,0,0,0
xboot,3827,1299,6.419178082191781,6,0,0,0,0
Launcher3,3826,642,7.317808219178082,22,0,0,0,0
sofa-rpc,3814,1170,6.46027397260274,30,0,0,0,0
CircleProgress,3811,921,9.901369863013699,0,0,0,0,0
awaitility,3805,240,14.673972602739726,0,0,0,0,0
geoserver,3799,2161,12.873972602739727,30,0,0,0,0
jmonkeyengine,3784,1117,10.515068493150684,30,0,0,0,0
Leetcode,3779,1274,8.150684931506849,0,0,0,0,0
TinyPinyin,3778,470,8.986301369863014,2,0,0,0,0
MarqueeView,3774,673,8.315068493150685,0,0,0,0,0
SuperTextView,3773,590,7.931506849315069,30,0,0,0,0
roboguice,3771,824,12.117808219178082,0,0,0,0,0
unidbg,3768,952,5.575342465753424,15,0,0,0,0
screw,3767,689,4.254794520547946,0,0,0,0,0
DSBridge-Android,3766,614,7.723287671232876,2,0,0,0,0
IDDD_Samples,3762,905,11.463013698630137,0,0,0,0,0
andOTP,3755,358,7.219178082191781,30,0,0,0,0
MallChat,3753,903,1.5205479452054795,0,0,0,0,0
mpush,3753,1453,8.408219178082192,9,0,0,0,0
oblivion,3746,505,0.6219178082191781,11,0,0,0,0
sticky-headers-recyclerview,3742,756,9.978082191780821,0,0,0,0,0
dynamic-tp,3741,757,2.706849315068493,14,0,0,0,0
CustomActivityOnCrash,3737,543,10.224657534246575,12,0,0,0,0
blurkit-android,3722,309,7.882191780821918,3,0,0,0,0
spruce-android,3718,365,7.580821917808219,3,0,0,0,0
java-tron,3714,1396,6.745205479452054,30,0,0,0,0
SwipeDelMenuLayout,3713,638,8.082191780821917,2,0,0,0,0
leetcode-editor,3713,401,5.515068493150685,30,0,0,0,0
novel-plus,3711,1309,4.394520547945206,23,0,0,0,0
AndServer,3709,746,8.27945205479452,1,0,0,0,0
NoHttp,3707,852,9.158904109589042,0,0,0,0,0
markor,3704,360,7.079452054794521,30,0,0,0,0
ripme,3703,629,7.712328767123288,30,0,0,0,0
StylishMusicPlayer,3701,763,8.027397260273972,0,0,0,0,0
automq,3701,215,1.1013698630136985,30,0,0,0,0
fastjson2,3690,478,2.4356164383561643,30,0,0,0,0
atmosphere,3685,747,14.238356164383562,0,0,0,0,0
ASimpleCache,3683,1242,11.158904109589042,0,0,0,0,0
bitcoin-wallet,3680,2042,12.484931506849316,18,0,0,0,0
ChatKit,3680,827,7.641095890410959,1,0,0,0,0
rejoiner,3671,144,6.7972602739726025,3,0,0,0,0
Skeleton,3669,455,7.153424657534247,0,0,0,0,0
Terasology,3665,1333,13.564383561643835,30,0,0,0,0
groupie,3664,292,8.06027397260274,28,0,0,0,0
Play-with-Algorithms,3661,1471,8.219178082191782,0,0,0,0,0
ByteLegend,3652,134,3.6410958904109587,0,0,0,0,0
android-common,3650,1090,10.326027397260274,0,0,0,0,0
incubator-heron,3647,597,8.997260273972604,30,0,0,0,0
Linkage-RecyclerView,3639,458,5.424657534246576,0,0,0,0,0
My-Blog,3637,984,5.558904109589041,0,0,0,0,0
kylin,3634,1533,9.726027397260275,0,0,0,0,0
databus,3633,732,11.76986301369863,0,0,0,0,0
Aliucord,3625,162,3.5671232876712327,14,0,0,0,0
NullAway,3620,290,7.06027397260274,20,0,0,0,0
react-native-share,3619,937,8.986301369863014,30,0,0,0,0
emojicon,3612,818,10.682191780821919,2,0,0,0,0
light-4j,3609,630,8.038356164383561,30,0,0,0,0
ExplosionField,3600,578,9.002739726027396,0,0,0,0,0
ShedLock,3598,510,7.7835616438356166,0,0,0,0,0
DropDownMenu,3589,787,9.257534246575343,2,0,0,0,0
BannerViewPager,3588,436,7.493150684931507,30,0,0,0,0
android-stackblur,3585,648,11.10958904109589,0,0,0,0,0
undertow,3581,990,12.186301369863013,5,0,0,0,0
sofa-jraft,3569,1144,5.558904109589041,30,0,0,0,0
data-transfer-project,3567,483,6.717808219178083,30,0,0,0,0
Alink,3566,797,5.983561643835617,22,0,0,0,0
parceler,3560,273,11.23013698630137,0,0,0,0,0
pixel-dungeon,3558,1193,10.164383561643836,0,0,0,0,0
chatgpt-java,3554,704,1.7945205479452055,24,0,0,0,0
FlexibleAdapter,3552,548,9.397260273972602,30,0,0,0,0
JCTools,3552,564,10.871232876712329,18,0,0,0,0
netty-learning,3551,1194,11.016438356164384,0,0,0,0,0
NewbieGuide,3551,519,7.158904109589041,20,0,0,0,0
MagicaSakura,3550,468,8.254794520547945,3,0,0,0,0
Android-BluetoothKit,3550,734,8.964383561643835,0,0,0,0,0
jabref,3548,2477,10.53972602739726,30,0,0,0,0
ThreeTenABP,3544,132,9.227397260273973,0,0,0,0,0
android-maps-utils,3544,1531,11.35890410958904,30,0,0,0,0
retrolambda,3544,227,11.183561643835617,0,0,0,0,0
floatingsearchview,3543,668,8.841095890410958,0,0,0,0,0
java,3543,1882,7.3780821917808215,30,10840,478,729,668
AppUpdate,3541,747,7.265753424657534,3,0,0,0,0
hackpad,3538,529,9.115068493150686,0,0,0,0,0
spock,3538,466,13.786301369863013,24,0,0,0,0
vertx-examples,3538,2082,9.580821917808219,0,0,0,0,0
RecyclerViewPager,3533,667,9.684931506849315,10,0,0,0,0
Store,3528,305,7.816438356164384,0,0,0,0,0
shopizer,3524,2977,11.843835616438357,18,0,0,0,0
Music-Player,3519,699,8.383561643835616,2,0,0,0,0
tablesaw,3519,637,8.728767123287671,30,0,0,0,0
Android,3518,3410,11.06027397260274,0,0,0,0,0
jackson-databind,3514,1373,12.758904109589041,0,0,0,0,0
mlkit,3513,2920,4.32054794520548,1,0,0,0,0
OpenPDF,3512,582,8.202739726027398,30,0,0,0,0
SwipeMenuListView,3508,1259,10.084931506849315,2,0,0,0,0
RoaringBitmap,3502,547,11.271232876712329,24,0,0,0,0
bundletool,3500,384,6.391780821917808,30,0,0,0,0
GeekNews,3495,826,8.128767123287671,0,0,0,0,0
helidon,3490,562,6.073972602739726,30,0,0,0,0
BlurView,3489,331,8.424657534246576,28,0,0,0,0
grpc-spring,3479,816,7.734246575342466,30,0,0,0,0
LoadSir,3472,503,7.06027397260274,6,0,0,0,0
libstreaming,3472,1074,11.64931506849315,0,0,0,0,0
JavaSourceCodeLearning,3471,573,4.306849315068493,0,0,0,0,0
spotbugs,3460,585,7.884931506849315,30,0,0,0,0
PreviewSeekBar,3456,426,7.663013698630137,10,0,0,0,0
BottomNavigationViewEx,3455,557,7.865753424657535,19,0,0,0,0
Telegram-X,3453,546,3.0986301369863014,4,0,0,0,0
spring-cloud-kubernetes,3453,1032,7.778082191780822,17,0,0,0,0
SeeWeather,3448,724,8.591780821917808,2,0,0,0,0
JavaEETest,3446,2819,7.780821917808219,0,0,0,0,0
SSM,3444,1342,8.26027397260274,10,0,0,0,0
grobid,3438,443,12.03013698630137,21,0,0,0,0
ShadowLayout,3438,399,5.210958904109589,27,0,0,0,0
android-hidden-api,3436,643,9.021917808219179,1,0,0,0,0
AlgoDS,3434,609,7.76986301369863,0,0,0,0,0
giffun,3434,688,5.654794520547945,0,0,0,0,0
initializr,3430,1732,11.2986301369863,16,0,0,0,0
openhab1-addons,3427,1697,11.01095890410959,14,0,0,0,0
immutables,3422,272,11.216438356164383,11,0,0,0,0
RxAndroidBle,3420,580,8.635616438356164,30,0,0,0,0
Android-Week-View,3418,1228,10.021917808219179,4,0,0,0,0
brigadier,3418,393,10.027397260273972,3,0,0,0,0
fernflower,3412,649,9.978082191780821,0,0,0,0,0
android-priority-jobqueue,3402,395,10.265753424657534,0,0,0,0,0
ftgo-application,3400,1309,6.920547945205479,0,0,0,0,0
LQRWeChat,3397,1070,7.627397260273972,0,0,0,0,0
migration,3396,563,4.7095890410958905,0,0,0,0,0
QNotified,3394,335,5.504109589041096,28,0,0,0,0
kubernetes-client,3391,1458,9.210958904109589,30,0,0,0,0
yacy_search_server,3383,428,9.509589041095891,0,0,0,0,0
android-butterknife-zelezny,3380,413,10.753424657534246,8,0,0,0,0
volley,3376,752,7.663013698630137,9,0,0,0,0
AutoDispose,3368,226,7.7534246575342465,4,0,0,0,0
MyBatis-Spring-Boot,3366,1589,8.767123287671232,0,0,0,0,0
akhq,3360,652,6.038356164383561,30,0,0,0,0
marshalsec,3359,679,7.33972602739726,0,0,0,0,0
BubbleSeekBar,3356,518,7.887671232876713,12,0,0,0,0
http-request,3353,844,12.92876712328767,0,0,0,0,0
logging-log4j2,3350,1591,11.287671232876713,9,0,0,0,0
MyPerf4J,3348,534,6.53972602739726,23,0,0,0,0
syncthing-android,3348,375,10.586301369863014,30,0,0,0,0
pdfsam,3336,328,11.0,30,0,0,0,0
DDComponentForAndroid,3335,570,7.046575342465753,4,0,0,0,0
ScalingLayout,3332,318,6.978082191780822,4,0,0,0,0
archi,3328,496,9.035616438356165,0,0,0,0,0
red5-server,3328,982,10.849315068493151,30,0,0,0,0
Iris,3321,624,3.9178082191780823,30,0,0,0,0
ffmpeg-android-java,3321,830,10.038356164383561,8,0,0,0,0
incubator-kie-optaplanner,3316,944,13.608219178082193,4,0,0,0,0
FlatLaf,3315,265,5.098630136986301,30,0,0,0,0
learning-note,3313,646,4.271232876712329,0,0,0,0,0
AxonFramework,3310,789,12.813698630136987,30,0,0,0,0
jvm-tools,3308,518,12.41095890410959,0,0,0,0,0
chatgpt-java,3307,812,1.6136986301369862,10,0,0,0,0
igniter,3307,733,5.873972602739726,30,0,0,0,0
99-problems,3306,921,8.841095890410958,0,0,0,0,0
SuperTextView,3303,397,7.435616438356164,30,0,0,0,0
linkis,3294,1163,5.1726027397260275,30,0,0,0,0
android,3292,1097,9.975342465753425,30,0,0,0,0
actor-platform,3286,734,9.263013698630138,30,0,0,0,0
jvm-serializers,3286,561,14.421917808219177,0,0,0,0,0
leetcode,3278,820,7.545205479452055,0,0,0,0,0
openj9,3271,721,7.079452054794521,30,0,0,0,0
LeafPic,3265,1349,8.712328767123287,7,0,0,0,0
SurveyKing,3262,499,3.043835616438356,3,0,0,0,0
Chronicle-Queue,3262,528,11.312328767123288,30,0,0,0,0
UETool,3258,339,6.358904109589041,10,0,0,0,0
hope-boot,3257,686,5.936986301369863,2,0,0,0,0
PRDownloader,3254,524,6.865753424657535,7,0,0,0,0
springdoc-openapi,3252,492,5.2027397260273975,30,0,0,0,0
maestro,3249,198,0.4328767123287671,0,0,0,0,0
sndcpy,3249,297,4.287671232876712,2,0,0,0,0
ChipsLayoutManager,3247,362,8.139726027397261,11,0,0,0,0
Cockroach,3245,448,7.608219178082192,1,0,0,0,0
Android-Tips,3238,832,9.04109589041096,0,0,0,0,0
librec,3237,1028,10.706849315068494,3,0,0,0,0
jfinal,3235,1322,12.419178082191781,0,0,0,0,0
react-native-notifications,3231,763,8.465753424657533,28,0,0,0,0
cyberduck,3230,286,7.673972602739726,0,0,0,0,0
my-site,3230,1041,6.394520547945206,0,0,0,0,0
javacore,3229,544,7.098630136986301,0,0,0,0,0
GalleryFinal,3228,787,9.01095890410959,4,0,0,0,0
concurrency-limits,3228,307,6.7835616438356166,30,0,0,0,0
camunda,3224,590,8.515068493150684,30,0,0,0,0
android-saripaar,3223,460,12.043835616438356,3,0,0,0,0
AndroidViewHover,3210,722,10.128767123287671,4,0,0,0,0
LoganSquare,3210,306,9.602739726027398,0,0,0,0,0
